web_scraper_order,web_scraper_start_url,fiche_voiture,prix,kilometrage,region,boite_vitesse,titre_complet,pagination,annee
1786756063-1,https://www.gaaraas.com/fr/users/dakar-auto?page=1,https://www.gaaraas.com/fr/vehicle_listings/annonce-audi-s3-dakar-dakar-4137,CFA 2 000 000,120 000 km,Dakar,Manuelle,Audi S3,https://www.gaaraas.com/fr/users/dakar-auto?page=13,2007
1786756068-2,https://www.gaaraas.com/fr/users/dakar-auto?page=1,https://www.gaaraas.com/fr/vehicle_listings/annonce-fiat-stilo-dakar-dakar-2508,CFA 2 700 000,160 000 km,Dakar,Manuelle,Fiat Stilo,https://www.gaaraas.com/fr/users/dakar-auto?page=13,2007
1786756072-3,https://www.gaaraas.com/fr/users/dakar-auto?page=1,https://www.gaaraas.com/fr/vehicle_listings/annonce-toyota-rav4-dakar-dakar-2896,CFA 3 500 000,140 000 km,Dakar,Manuelle,Toyota RAV4,https://www.gaaraas.com/fr/users/dakar-auto?page=13,2006
1786756077-4,https://www.gaaraas.com/fr/users/dakar-auto?page=1,https://www.gaaraas.com/fr/vehicle_listings/annonce-peugeot-307-dakar-dakar-1748,CFA 2 100 000,175 598 km,Dakar,Manuelle,Peugeot 307,https://www.gaaraas.com/fr/users/dakar-auto?page=13,2007
1786756082-5,https://www.gaaraas.com/fr/users/dakar-auto?page=1,https://www.gaaraas.com/fr/vehicle_listings/annonce-dacia-logan-dakar-dakar-878,CFA 2 600 000,137 000 km,Dakar,Manuelle,Dacia Logan,https://www.gaaraas.com/fr/users/dakar-auto?page=13,2008
1786756085-6,https://www.gaaraas.com/fr/users/dakar-auto?page=1,https://www.gaaraas.com/fr/vehicle_listings/annonce-renault-megane-dakar-dakar-4348,CFA 1 850 000,120 000 km,Dakar,Manuelle,Renault Megane,https://www.gaaraas.com/fr/users/dakar-auto?page=12,2008
1786756088-7,https://www.gaaraas.com/fr/users/dakar-auto?page=1,https://www.gaaraas.com/fr/vehicle_listings/annonce-citroen-c4-dakar-dakar-2611,CFA 2 100 000,90 925 km,Dakar,Manuelle,Citroen C4,https://www.gaaraas.com/fr/users/dakar-auto?page=12,2008
1786756096-8,https://www.gaaraas.com/fr/users/dakar-auto?page=1,https://www.gaaraas.com/fr/vehicle_listings/annonce-peugeot-308-dakar-dakar-2758,CFA 3 900 000,160 000 km,Dakar,Manuelle,Peugeot 308,https://www.gaaraas.com/fr/users/dakar-auto?page=12,2012
1786756100-9,https://www.gaaraas.com/fr/users/dakar-auto?page=1,https://www.gaaraas.com/fr/vehicle_listings/annonce-citroen-xsara-dakar-dakar-3025,CFA 1 800 000,160 000 km,Dakar,Manuelle,Citroen Xsara,https://www.gaaraas.com/fr/users/dakar-auto?page=12,2006
1786756103-10,https://www.gaaraas.com/fr/users/dakar-auto?page=1,https://www.gaaraas.com/fr/vehicle_listings/annonce-ford-escape-dakar-dakar-871,CFA 8 200 000,105 000 km,Dakar,Manuelle,Ford Escape,https://www.gaaraas.com/fr/users/dakar-auto?page=12,2014
1786756106-11,https://www.gaaraas.com/fr/users/dakar-auto?page=1,https://www.gaaraas.com/fr/vehicle_listings/annonce-ford-focus-st-dakar-dakar-2887,CFA 3 300 000,140 000 km,Dakar,Automatique,Ford Focus ST,https://www.gaaraas.com/fr/users/dakar-auto?page=12,2012
1786756110-12,https://www.gaaraas.com/fr/users/dakar-auto?page=1,https://www.gaaraas.com/fr/vehicle_listings/annonce-renault-megane-dakar-dakar-1665,CFA 2 700 000,180 000 km,Dakar,Manuelle,Renault Megane,https://www.gaaraas.com/fr/users/dakar-auto?page=12,2007
1786756114-13,https://www.gaaraas.com/fr/users/dakar-auto?page=1,https://www.gaaraas.com/fr/vehicle_listings/annonce-peugeot-305-dakar-dakar-578,CFA 1 600 000,128 000 km,Dakar,Manuelle,Peugeot 305,https://www.gaaraas.com/fr/users/dakar-auto?page=12,2004
1786756117-14,https://www.gaaraas.com/fr/users/dakar-auto?page=1,https://www.gaaraas.com/fr/vehicle_listings/annonce-citroen-berlingo-dakar-dakar-1327,CFA 2 400 000,180 000 km,Dakar,Manuelle,Citroen Berlingo,https://www.gaaraas.com/fr/users/dakar-auto?page=12,2006
1786756120-15,https://www.gaaraas.com/fr/users/dakar-auto?page=1,https://www.gaaraas.com/fr/vehicle_listings/annonce-mitsubishi-l200-dakar-dakar-4388,CFA 6 000 000,120 000 km,Dakar,Manuelle,Mitsubishi L200,https://www.gaaraas.com/fr/users/dakar-auto?page=12,2011
1786756123-16,https://www.gaaraas.com/fr/users/dakar-auto?page=1,https://www.gaaraas.com/fr/vehicle_listings/annonce-nissan-200sx-dakar-dakar-746,CFA 1 600 000,180 000 km,Dakar,Manuelle,Nissan 200SX,https://www.gaaraas.com/fr/users/dakar-auto?page=12,2006
1786756128-17,https://www.gaaraas.com/fr/users/dakar-auto?page=1,https://www.gaaraas.com/fr/vehicle_listings/annonce-peugeot-308-dakar-dakar-3635,CFA 2 900 000,120 000 km,Dakar,Manuelle,Peugeot 308,https://www.gaaraas.com/fr/users/dakar-auto?page=12,2010
1786756131-18,https://www.gaaraas.com/fr/users/dakar-auto?page=1,https://www.gaaraas.com/fr/vehicle_listings/annonce-peugeot-405-dakar-dakar-4173,CFA 1 900 000,120 000 km,Dakar,Manuelle,Peugeot 405,https://www.gaaraas.com/fr/users/dakar-auto?page=12,2005
1786756135-19,https://www.gaaraas.com/fr/users/dakar-auto?page=1,https://www.gaaraas.com/fr/vehicle_listings/annonce-peugeot-308-dakar-dakar-681,CFA 2 700 000,160 000 km,Dakar,Manuelle,Peugeot 308,https://www.gaaraas.com/fr/users/dakar-auto?page=12,2008
1786756139-20,https://www.gaaraas.com/fr/users/dakar-auto?page=1,https://www.gaaraas.com/fr/vehicle_listings/annonce-toyota-rav4-dakar-dakar-191,CFA 9 600 000,180 000 km,Dakar,Automatique,Toyota RAV4,https://www.gaaraas.com/fr/users/dakar-auto?page=12,2010
1786756143-21,https://www.gaaraas.com/fr/users/dakar-auto?page=1,https://www.gaaraas.com/fr/vehicle_listings/annonce-renault-19-dakar-dakar-3449,CFA 1 500 000,140 000 km,Dakar,Manuelle,Renault 19,https://www.gaaraas.com/fr/users/dakar-auto?page=12,1989
1786756147-22,https://www.gaaraas.com/fr/users/dakar-auto?page=1,https://www.gaaraas.com/fr/vehicle_listings/annonce-peugeot-406-dakar-dakar-1119,CFA 2 700 000,120 000 km,Dakar,Manuelle,Peugeot 406,https://www.gaaraas.com/fr/users/dakar-auto?page=12,2004
1786756153-23,https://www.gaaraas.com/fr/users/dakar-auto?page=1,https://www.gaaraas.com/fr/vehicle_listings/annonce-jeep-wrangler-dakar-dakar-2454,CFA 20 000 000,100 000 km,Dakar,Automatique,Jeep Wrangler,https://www.gaaraas.com/fr/users/dakar-auto?page=12,2013
1786756157-24,https://www.gaaraas.com/fr/users/dakar-auto?page=1,https://www.gaaraas.com/fr/vehicle_listings/annonce-peugeot-307-dakar-dakar-2915,CFA 2 100 000,160 000 km,Dakar,Manuelle,Peugeot 307,https://www.gaaraas.com/fr/users/dakar-auto?page=12,2005
1786756161-25,https://www.gaaraas.com/fr/users/dakar-auto?page=1,https://www.gaaraas.com/fr/vehicle_listings/annonce-peugeot-205-dakar-dakar-1934,CFA 1 400 000,160 000 km,Dakar,Manuelle,Peugeot 205,https://www.gaaraas.com/fr/users/dakar-auto?page=12,2000
1786756166-26,https://www.gaaraas.com/fr/users/dakar-auto?page=1,https://www.gaaraas.com/fr/vehicle_listings/annonce-citroen-c3-dakar-dakar-1666,CFA 2 400 000,180 000 km,Dakar,Manuelle,Citroen C3,https://www.gaaraas.com/fr/users/dakar-auto?page=11,2007
1786756171-27,https://www.gaaraas.com/fr/users/dakar-auto?page=1,https://www.gaaraas.com/fr/vehicle_listings/annonce-hyundai-tucson-dakar-dakar-874,CFA 4 000 000,298 000 km,Dakar,Manuelle,Hyundai Tucson,https://www.gaaraas.com/fr/users/dakar-auto?page=11,2006
1786756175-28,https://www.gaaraas.com/fr/users/dakar-auto?page=1,https://www.gaaraas.com/fr/vehicle_listings/annonce-toyota-rav4-dakar-dakar-560,CFA 5 200 000,120 000 km,Dakar,Manuelle,Toyota RAV4,https://www.gaaraas.com/fr/users/dakar-auto?page=11,2007
1786756179-29,https://www.gaaraas.com/fr/users/dakar-auto?page=1,https://www.gaaraas.com/fr/vehicle_listings/annonce-ford-escape-dakar-dakar-3183,CFA 5 800 000,0 km,Dakar,Automatique,Ford Escape,https://www.gaaraas.com/fr/users/dakar-auto?page=11,2011
1786756184-30,https://www.gaaraas.com/fr/users/dakar-auto?page=1,https://www.gaaraas.com/fr/vehicle_listings/annonce-renault-scenic-dakar-dakar-1191,CFA 2 200 000,16 000 km,Dakar,Manuelle,Renault Scenic,https://www.gaaraas.com/fr/users/dakar-auto?page=11,2008
1786756189-31,https://www.gaaraas.com/fr/users/dakar-auto?page=1,https://www.gaaraas.com/fr/vehicle_listings/annonce-jeep-patriot-dakar-dakar-2023,CFA 9 500 000,51 200 km,Dakar,Automatique,Jeep Patriot,https://www.gaaraas.com/fr/users/dakar-auto?page=11,2015
1786756193-32,https://www.gaaraas.com/fr/users/dakar-auto?page=1,https://www.gaaraas.com/fr/vehicle_listings/annonce-peugeot-406-dakar-dakar-2290,CFA 2 400 000,160 000 km,Dakar,Manuelle,Peugeot 406,https://www.gaaraas.com/fr/users/dakar-auto?page=11,2003
1786756199-33,https://www.gaaraas.com/fr/users/dakar-auto?page=1,https://www.gaaraas.com/fr/vehicle_listings/annonce-dacia-logan-dakar-dakar-2116,CFA 2 800 000,500 000 km,Dakar,Manuelle,Dacia Logan,https://www.gaaraas.com/fr/users/dakar-auto?page=11,2009
1786756203-34,https://www.gaaraas.com/fr/users/dakar-auto?page=1,https://www.gaaraas.com/fr/vehicle_listings/annonce-lada-niva-dakar-dakar-1919,CFA 1 500 000,160 000 km,Dakar,Manuelle,Lada Niva,https://www.gaaraas.com/fr/users/dakar-auto?page=11,2008
1786756207-35,https://www.gaaraas.com/fr/users/dakar-auto?page=1,https://www.gaaraas.com/fr/vehicle_listings/annonce-dacia-sandero-dakar-dakar-2117,CFA 2 200 000,160 000 km,Dakar,Manuelle,Dacia Sandero,https://www.gaaraas.com/fr/users/dakar-auto?page=11,2010
1786756220-36,https://www.gaaraas.com/fr/users/dakar-auto?page=1,https://www.gaaraas.com/fr/vehicle_listings/annonce-nissan-teana-dakar-dakar-422,CFA 8 000 000,90 000 km,Dakar,Manuelle,Nissan Teana,https://www.gaaraas.com/fr/users/dakar-auto?page=11,2011
1786756229-37,https://www.gaaraas.com/fr/users/dakar-auto?page=1,https://www.gaaraas.com/fr/vehicle_listings/annonce-renault-scenic-dakar-dakar-3478,CFA 2 200 000,140 000 km,Dakar,Manuelle,Renault Scenic,https://www.gaaraas.com/fr/users/dakar-auto?page=11,2006
1786756234-38,https://www.gaaraas.com/fr/users/dakar-auto?page=1,https://www.gaaraas.com/fr/vehicle_listings/annonce-peugeot-307-dakar-dakar-4161,CFA 2 000 000,120 000 km,Dakar,Manuelle,Peugeot 307,https://www.gaaraas.com/fr/users/dakar-auto?page=11,2008
1786756240-39,https://www.gaaraas.com/fr/users/dakar-auto?page=1,https://www.gaaraas.com/fr/vehicle_listings/annonce-toyota-rav4-dakar-dakar-4389,CFA 4 000 000,145 000 km,Dakar,Manuelle,Toyota RAV4,https://www.gaaraas.com/fr/users/dakar-auto?page=11,2007
1786756245-40,https://www.gaaraas.com/fr/users/dakar-auto?page=1,https://www.gaaraas.com/fr/vehicle_listings/annonce-peugeot-205-dakar-dakar-2262,CFA 1 500 000,160 000 km,Dakar,Manuelle,Peugeot 205,https://www.gaaraas.com/fr/users/dakar-auto?page=11,2000
1786756250-41,https://www.gaaraas.com/fr/users/dakar-auto?page=1,https://www.gaaraas.com/fr/vehicle_listings/annonce-peugeot-407-dakar-dakar-4171,CFA 2 000 000,110 000 km,Dakar,Manuelle,Peugeot 407,https://www.gaaraas.com/fr/users/dakar-auto?page=11,2007
1786756255-42,https://www.gaaraas.com/fr/users/dakar-auto?page=1,https://www.gaaraas.com/fr/vehicle_listings/annonce-peugeot-807-dakar-dakar-1587,CFA 4 800 000,160 000 km,Dakar,Manuelle,Peugeot 807,https://www.gaaraas.com/fr/users/dakar-auto?page=11,2010
1786756261-43,https://www.gaaraas.com/fr/users/dakar-auto?page=1,https://www.gaaraas.com/fr/vehicle_listings/annonce-ford-focus-dakar-dakar-3739,CFA 5 800 000,29 000 km,Dakar,Automatique,Ford Focus,https://www.gaaraas.com/fr/users/dakar-auto?page=11,2015
1786756267-44,https://www.gaaraas.com/fr/users/dakar-auto?page=1,https://www.gaaraas.com/fr/vehicle_listings/annonce-hyundai-santa-fe-dakar-dakar-2646,CFA 3 500 000,300 000 km,Dakar,Manuelle,Hyundai Santa Fe,https://www.gaaraas.com/fr/users/dakar-auto?page=11,2005
1786756273-45,https://www.gaaraas.com/fr/users/dakar-auto?page=1,https://www.gaaraas.com/fr/vehicle_listings/annonce-nissan-rogue-dakar-dakar-790,CFA 8 500 000,84 500 km,Dakar,Automatique,Nissan Rogue,https://www.gaaraas.com/fr/users/dakar-auto?page=11,2010
1786756279-46,https://www.gaaraas.com/fr/users/dakar-auto?page=1,https://www.gaaraas.com/fr/vehicle_listings/annonce-mercedes-benz-190-dakar-dakar-3060,CFA 2 900 000,160 000 km,Dakar,Automatique,Mercedes‒Benz 190,https://www.gaaraas.com/fr/users/dakar-auto?page=10,2007
1786756288-47,https://www.gaaraas.com/fr/users/dakar-auto?page=1,https://www.gaaraas.com/fr/vehicle_listings/annonce-toyota-corolla-dakar-dakar-464,CFA 3 200 000,90 000 km,Dakar,Manuelle,Toyota Corolla,https://www.gaaraas.com/fr/users/dakar-auto?page=10,2010
1786756294-48,https://www.gaaraas.com/fr/users/dakar-auto?page=1,https://www.gaaraas.com/fr/vehicle_listings/annonce-ford-focus-dakar-dakar-4417,CFA 2 700 000,100 000 km,Dakar,Automatique,Ford Focus,https://www.gaaraas.com/fr/users/dakar-auto?page=10,2007
1786756299-49,https://www.gaaraas.com/fr/users/dakar-auto?page=1,https://www.gaaraas.com/fr/vehicle_listings/annonce-nissan-juke-dakar-dakar-760,CFA 5 500 000,157 000 km,Dakar,Manuelle,Nissan Juke,https://www.gaaraas.com/fr/users/dakar-auto?page=10,2011
1786756305-50,https://www.gaaraas.com/fr/users/dakar-auto?page=1,https://www.gaaraas.com/fr/vehicle_listings/annonce-toyota-yaris-dakar-dakar-1662,CFA 2 700 000,180 000 km,Dakar,Manuelle,Toyota Yaris,https://www.gaaraas.com/fr/users/dakar-auto?page=10,2007
1786756311-51,https://www.gaaraas.com/fr/users/dakar-auto?page=1,https://www.gaaraas.com/fr/vehicle_listings/annonce-peugeot-308-dakar-dakar-2701,CFA 2 800 000,160 000 km,Dakar,Manuelle,Peugeot 308,https://www.gaaraas.com/fr/users/dakar-auto?page=10,2008
1786756316-52,https://www.gaaraas.com/fr/users/dakar-auto?page=1,https://www.gaaraas.com/fr/vehicle_listings/annonce-citroen-c4-dakar-dakar-2082,CFA 2 200 000,160 000 km,Dakar,Manuelle,Citroen C4,https://www.gaaraas.com/fr/users/dakar-auto?page=10,2007
1786756321-53,https://www.gaaraas.com/fr/users/dakar-auto?page=1,https://www.gaaraas.com/fr/vehicle_listings/annonce-peugeot-508-dakar-dakar-1535,CFA 4 700 000,102 220 km,Dakar,Manuelle,Peugeot 508,https://www.gaaraas.com/fr/users/dakar-auto?page=10,2012
1786756326-54,https://www.gaaraas.com/fr/users/dakar-auto?page=1,https://www.gaaraas.com/fr/vehicle_listings/annonce-renault-megane-dakar-dakar-1237,CFA 3 300 000,233 200 km,Dakar,Manuelle,Renault Megane,https://www.gaaraas.com/fr/users/dakar-auto?page=10,2009
1786756332-55,https://www.gaaraas.com/fr/users/dakar-auto?page=1,https://www.gaaraas.com/fr/vehicle_listings/annonce-renault-clio-dakar-dakar-4178,CFA 1 750 000,120 000 km,Dakar,Manuelle,Renault Clio,https://www.gaaraas.com/fr/users/dakar-auto?page=10,2007
1786756338-56,https://www.gaaraas.com/fr/users/dakar-auto?page=1,https://www.gaaraas.com/fr/vehicle_listings/annonce-chery-a113-dakar-dakar-510,CFA 1 700 000,79 000 km,Dakar,Manuelle,Chery A113,https://www.gaaraas.com/fr/users/dakar-auto?page=10,2008
1786756345-57,https://www.gaaraas.com/fr/users/dakar-auto?page=1,https://www.gaaraas.com/fr/vehicle_listings/annonce-renault-scenic-dakar-dakar-4195,CFA 2 000 000,130 000 km,Dakar,Manuelle,Renault Scenic,https://www.gaaraas.com/fr/users/dakar-auto?page=10,2008
1786756351-58,https://www.gaaraas.com/fr/users/dakar-auto?page=1,https://www.gaaraas.com/fr/vehicle_listings/annonce-renault-safrane-dakar-dakar-2118,CFA 2 200 000,160 000 km,Dakar,Manuelle,Renault Safrane,https://www.gaaraas.com/fr/users/dakar-auto?page=10,2007
1786756358-59,https://www.gaaraas.com/fr/users/dakar-auto?page=1,https://www.gaaraas.com/fr/vehicle_listings/annonce-toyota-verso-dakar-dakar-3569,CFA 2 500 000,313 000 km,Dakar,Manuelle,Toyota Verso,https://www.gaaraas.com/fr/users/dakar-auto?page=10,2007
1786756373-60,https://www.gaaraas.com/fr/users/dakar-auto?page=1,https://www.gaaraas.com/fr/vehicle_listings/annonce-toyota-avensis-dakar-dakar-2882,CFA 1 600 000,186 000 km,Dakar,Manuelle,Toyota Avensis,https://www.gaaraas.com/fr/users/dakar-auto?page=10,2006
1786756380-61,https://www.gaaraas.com/fr/users/dakar-auto?page=1,https://www.gaaraas.com/fr/vehicle_listings/annonce-renault-21-dakar-dakar-2800,CFA 2 200 000,160 000 km,Dakar,Manuelle,Renault 21,https://www.gaaraas.com/fr/users/dakar-auto?page=10,2002
1786756386-62,https://www.gaaraas.com/fr/users/dakar-auto?page=1,https://www.gaaraas.com/fr/vehicle_listings/annonce-volkswagen-golf-dakar-dakar-1792,CFA 2 200 000,180 000 km,Dakar,Manuelle,Volkswagen Golf,https://www.gaaraas.com/fr/users/dakar-auto?page=10,2005
1786756394-63,https://www.gaaraas.com/fr/users/dakar-auto?page=1,https://www.gaaraas.com/fr/vehicle_listings/annonce-toyota-corolla-dakar-dakar-2445,CFA 4 300 000,235 000 km,Dakar,Manuelle,Toyota Corolla,https://www.gaaraas.com/fr/users/dakar-auto?page=10,2007
1786756400-64,https://www.gaaraas.com/fr/users/dakar-auto?page=1,https://www.gaaraas.com/fr/vehicle_listings/annonce-toyota-avensis-dakar-dakar-1664,CFA 2 500 000,160 000 km,Dakar,Manuelle,Toyota Avensis,https://www.gaaraas.com/fr/users/dakar-auto?page=10,2008
1786756407-65,https://www.gaaraas.com/fr/users/dakar-auto?page=1,https://www.gaaraas.com/fr/vehicle_listings/annonce-peugeot-308-dakar-dakar-4138,CFA 2 600 000,120 000 km,Dakar,Manuelle,Peugeot 308,https://www.gaaraas.com/fr/users/dakar-auto?page=10,2009
1786756416-66,https://www.gaaraas.com/fr/users/dakar-auto?page=1,https://www.gaaraas.com/fr/vehicle_listings/annonce-toyota-corolla-dakar-dakar-887,CFA 3 500 000,88 997 km,Dakar,Manuelle,Toyota Corolla,https://www.gaaraas.com/fr/users/dakar-auto?page=9,2010
1786756426-67,https://www.gaaraas.com/fr/users/dakar-auto?page=1,https://www.gaaraas.com/fr/vehicle_listings/annonce-hyundai-sonata-louga-dahra-4357,CFA 5 200 000,92 000 km,Dahra,Automatique,Hyundai Sonata,https://www.gaaraas.com/fr/users/dakar-auto?page=9,2013
1786756436-68,https://www.gaaraas.com/fr/users/dakar-auto?page=1,https://www.gaaraas.com/fr/vehicle_listings/annonce-skoda-octavia-dakar-dakar-1667,CFA 2 600 000,160 000 km,Dakar,Manuelle,Skoda Octavia,https://www.gaaraas.com/fr/users/dakar-auto?page=9,2010
1786756445-69,https://www.gaaraas.com/fr/users/dakar-auto?page=1,https://www.gaaraas.com/fr/vehicle_listings/annonce-toyota-camry-dakar-dakar-1105,CFA 4 500 000,110 000 km,Dakar,Automatique,Toyota Camry,https://www.gaaraas.com/fr/users/dakar-auto?page=9,2010
1786756454-70,https://www.gaaraas.com/fr/users/dakar-auto?page=1,https://www.gaaraas.com/fr/vehicle_listings/annonce-chrysler-sebring-dakar-dakar-4135,CFA 2 000 000,99 000 km,Dakar,Automatique,Chrysler Sebring,https://www.gaaraas.com/fr/users/dakar-auto?page=9,2009
1786756460-71,https://www.gaaraas.com/fr/users/dakar-auto?page=1,https://www.gaaraas.com/fr/vehicle_listings/annonce-mercedes-benz-190-dakar-dakar-2109,CFA 1 900 000,160 000 km,Dakar,Manuelle,Mercedes‒Benz 190,https://www.gaaraas.com/fr/users/dakar-auto?page=9,1989
1786756470-72,https://www.gaaraas.com/fr/users/dakar-auto?page=1,https://www.gaaraas.com/fr/vehicle_listings/annonce-hyundai-tucson-dakar-dakar-548,CFA 4 200 000,79 044 km,Dakar,Manuelle,Hyundai Tucson,https://www.gaaraas.com/fr/users/dakar-auto?page=9,2010
1786756478-73,https://www.gaaraas.com/fr/users/dakar-auto?page=1,https://www.gaaraas.com/fr/vehicle_listings/annonce-peugeot-406-dakar-dakar-1707,CFA 2 500 000,160 000 km,Dakar,Manuelle,Peugeot 406,https://www.gaaraas.com/fr/users/dakar-auto?page=9,2006
1786756486-74,https://www.gaaraas.com/fr/users/dakar-auto?page=1,https://www.gaaraas.com/fr/vehicle_listings/annonce-hyundai-sonata-dakar-dakar-3570,CFA 2 000 000,140 000 km,Dakar,Automatique,Hyundai Sonata,https://www.gaaraas.com/fr/users/dakar-auto?page=9,2006
1786756495-75,https://www.gaaraas.com/fr/users/dakar-auto?page=1,https://www.gaaraas.com/fr/vehicle_listings/annonce-peugeot-307-dakar-dakar-1931,CFA 2 200 000,160 000 km,Dakar,Manuelle,Peugeot 307,https://www.gaaraas.com/fr/users/dakar-auto?page=9,2007
1786756503-76,https://www.gaaraas.com/fr/users/dakar-auto?page=1,https://www.gaaraas.com/fr/vehicle_listings/annonce-mazda-2-dakar-dakar-2780,CFA 1 100 000,140 000 km,Dakar,Manuelle,Mazda 2,https://www.gaaraas.com/fr/users/dakar-auto?page=9,2008
1786756510-77,https://www.gaaraas.com/fr/users/dakar-auto?page=1,https://www.gaaraas.com/fr/vehicle_listings/annonce-renault-17-dakar-dakar-2505,CFA 6 000 000,160 000 km,Dakar,Manuelle,Renault 17,https://www.gaaraas.com/fr/users/dakar-auto?page=9,2000
1786756519-78,https://www.gaaraas.com/fr/users/dakar-auto?page=1,https://www.gaaraas.com/fr/vehicle_listings/annonce-opel-astra-dakar-dakar-2069,CFA 1 500 000,160 000 km,Dakar,Manuelle,Opel Astra,https://www.gaaraas.com/fr/users/dakar-auto?page=9,2009
1786756527-79,https://www.gaaraas.com/fr/users/dakar-auto?page=1,https://www.gaaraas.com/fr/vehicle_listings/annonce-citroen-c4-dakar-dakar-2303,CFA 2 200 000,289 983 km,Dakar,Manuelle,Citroen C4,https://www.gaaraas.com/fr/users/dakar-auto?page=9,2010
1786756535-80,https://www.gaaraas.com/fr/users/dakar-auto?page=1,https://www.gaaraas.com/fr/vehicle_listings/annonce-citroen-c3-dakar-dakar-1893,CFA 2 000 000,200 000 km,Dakar,Manuelle,Citroen C3,https://www.gaaraas.com/fr/users/dakar-auto?page=9,2008
1786756550-81,https://www.gaaraas.com/fr/users/dakar-auto?page=1,https://www.gaaraas.com/fr/vehicle_listings/annonce-peugeot-307-dakar-dakar-1148,CFA 2 200 000,160 000 km,Dakar,Manuelle,Peugeot 307,https://www.gaaraas.com/fr/users/dakar-auto?page=9,2008
1786756582-82,https://www.gaaraas.com/fr/users/dakar-auto?page=1,https://www.gaaraas.com/fr/vehicle_listings/annonce-peugeot-3008-dakar-dakar-1121,CFA 6 500 000,2011,Dakar,Manuelle,Peugeot 3008,https://www.gaaraas.com/fr/users/dakar-auto?page=9,Bleu
1786756599-83,https://www.gaaraas.com/fr/users/dakar-auto?page=1,https://www.gaaraas.com/fr/vehicle_listings/annonce-renault-laguna-dakar-dakar-1325,CFA 6 500 000,2011,Dakar,Manuelle,Peugeot 3008,https://www.gaaraas.com/fr/users/dakar-auto?page=9,Bleu
1786756604-84,https://www.gaaraas.com/fr/users/dakar-auto?page=1,https://www.gaaraas.com/fr/vehicle_listings/annonce-dacia-logan-dakar-dakar-1602,CFA 3 000 000,160 000 km,Dakar,Manuelle,Dacia Logan,https://www.gaaraas.com/fr/users/dakar-auto?page=9,2008
1786756607-85,https://www.gaaraas.com/fr/users/dakar-auto?page=1,https://www.gaaraas.com/fr/vehicle_listings/annonce-hyundai-accent-dakar-dakar-890,CFA 1 700 000,2007,Dakar,Manuelle,Hyundai Accent,https://www.gaaraas.com/fr/users/dakar-auto?page=9,Bleu
1786756610-86,https://www.gaaraas.com/fr/users/dakar-auto?page=1,https://www.gaaraas.com/fr/vehicle_listings/annonce-renault-kangoo-dakar-dakar-1871,CFA 4 500 000,264 127 km,Dakar,Manuelle,Renault Kangoo,https://www.gaaraas.com/fr/users/dakar-auto?page=8,2012
1786756614-87,https://www.gaaraas.com/fr/users/dakar-auto?page=1,https://www.gaaraas.com/fr/vehicle_listings/annonce-mercedes-benz-190-dakar-dakar-2436,CFA 2 400 000,160 000 km,Dakar,Manuelle,Mercedes‒Benz 190,https://www.gaaraas.com/fr/users/dakar-auto?page=8,2000
1786756618-88,https://www.gaaraas.com/fr/users/dakar-auto?page=1,https://www.gaaraas.com/fr/vehicle_listings/annonce-peugeot-407-dakar-dakar-1580,CFA 2 600 000,180 000 km,Dakar,Manuelle,Peugeot 407,https://www.gaaraas.com/fr/users/dakar-auto?page=8,2007
1786756621-89,https://www.gaaraas.com/fr/users/dakar-auto?page=1,https://www.gaaraas.com/fr/vehicle_listings/annonce-renault-megane-dakar-dakar-2201,CFA 1 800 000,160 000 km,Dakar,Manuelle,Renault Megane,https://www.gaaraas.com/fr/users/dakar-auto?page=8,2006
1786756625-90,https://www.gaaraas.com/fr/users/dakar-auto?page=1,https://www.gaaraas.com/fr/vehicle_listings/annonce-renault-scenic-dakar-dakar-1795,CFA 1 500 000,180 000 km,Dakar,Manuelle,Renault Scenic,https://www.gaaraas.com/fr/users/dakar-auto?page=8,2005
1786756627-91,https://www.gaaraas.com/fr/users/dakar-auto?page=1,https://www.gaaraas.com/fr/vehicle_listings/annonce-nissan-versa-dakar-dakar-2119,CFA 2 500 000,120 000 km,Dakar,Automatique,Nissan Versa,https://www.gaaraas.com/fr/users/dakar-auto?page=8,2010
1786756630-92,https://www.gaaraas.com/fr/users/dakar-auto?page=1,https://www.gaaraas.com/fr/vehicle_listings/annonce-peugeot-407-dakar-dakar-2304,CFA 2 300 000,291 000 km,Dakar,Manuelle,Peugeot 407,https://www.gaaraas.com/fr/users/dakar-auto?page=8,2006
1786756633-93,https://www.gaaraas.com/fr/users/dakar-auto?page=1,https://www.gaaraas.com/fr/vehicle_listings/annonce-citroen-nemo-dakar-dakar-1980,CFA 2 400 000,160 000 km,Dakar,Manuelle,Citroen Nemo,https://www.gaaraas.com/fr/users/dakar-auto?page=8,2009
1786756638-94,https://www.gaaraas.com/fr/users/dakar-auto?page=1,https://www.gaaraas.com/fr/vehicle_listings/annonce-renault-scenic-dakar-dakar-2518,CFA 1 950 000,160 000 km,Dakar,Manuelle,Renault Scenic,https://www.gaaraas.com/fr/users/dakar-auto?page=8,2007
1786756641-95,https://www.gaaraas.com/fr/users/dakar-auto?page=1,https://www.gaaraas.com/fr/vehicle_listings/annonce-citroen-c3-dakar-dakar-2218,CFA 1 900 000,160 000 km,Dakar,Manuelle,Citroen C3,https://www.gaaraas.com/fr/users/dakar-auto?page=8,2006
1786756644-96,https://www.gaaraas.com/fr/users/dakar-auto?page=1,https://www.gaaraas.com/fr/vehicle_listings/annonce-peugeot-508-dakar-dakar-2155,CFA 5 500 000,179 000 km,Dakar,Automatique,Peugeot 508,https://www.gaaraas.com/fr/users/dakar-auto?page=8,2011
1786756647-97,https://www.gaaraas.com/fr/users/dakar-auto?page=1,https://www.gaaraas.com/fr/vehicle_listings/annonce-mitsubishi-endeavor-dakar-dakar-2497,CFA 4 300 000,100 000 km,Dakar,Automatique,Mitsubishi Endeavor,https://www.gaaraas.com/fr/users/dakar-auto?page=8,2012
1786756651-98,https://www.gaaraas.com/fr/users/dakar-auto?page=1,https://www.gaaraas.com/fr/vehicle_listings/annonce-hyundai-elantra-dakar-dakar-2468,CFA 5 800 000,21 000 km,Dakar,Automatique,Hyundai Elantra,https://www.gaaraas.com/fr/users/dakar-auto?page=8,2013
1786756655-99,https://www.gaaraas.com/fr/users/dakar-auto?page=1,https://www.gaaraas.com/fr/vehicle_listings/annonce-peugeot-307-dakar-dakar-413,CFA 2 100 000,90 000 km,Dakar,Manuelle,Peugeot 307,https://www.gaaraas.com/fr/users/dakar-auto?page=8,2007
1786756658-100,https://www.gaaraas.com/fr/users/dakar-auto?page=1,https://www.gaaraas.com/fr/vehicle_listings/annonce-ford-escape-dakar-dakar-4196,CFA 4 300 000,130 000 km,Dakar,Automatique,Ford Escape,https://www.gaaraas.com/fr/users/dakar-auto?page=8,2011
1786756662-101,https://www.gaaraas.com/fr/users/dakar-auto?page=1,https://www.gaaraas.com/fr/vehicle_listings/annonce-nissan-qashqai-2-dakar-dakar-2761,CFA 6 500 000,101 000 km,Dakar,Manuelle,Nissan Qashqai+2,https://www.gaaraas.com/fr/users/dakar-auto?page=8,2013
1786756666-102,https://www.gaaraas.com/fr/users/dakar-auto?page=1,https://www.gaaraas.com/fr/vehicle_listings/annonce-mercedes-benz-250-dakar-dakar-2640,CFA 1 900 000,160 000 km,Dakar,Manuelle,Mercedes‒Benz 250,https://www.gaaraas.com/fr/users/dakar-auto?page=8,2004
1786756669-103,https://www.gaaraas.com/fr/users/dakar-auto?page=1,https://www.gaaraas.com/fr/vehicle_listings/annonce-renault-laguna-dakar-dakar-813,CFA 2 000 000,160 000 km,Dakar,Manuelle,Renault Laguna,https://www.gaaraas.com/fr/users/dakar-auto?page=8,2004
1786756673-104,https://www.gaaraas.com/fr/users/dakar-auto?page=1,https://www.gaaraas.com/fr/vehicle_listings/annonce-peugeot-206-dakar-dakar-3566,CFA 2 000 000,130 000 km,Dakar,Manuelle,Peugeot 206,https://www.gaaraas.com/fr/users/dakar-auto?page=8,2009
1786756676-105,https://www.gaaraas.com/fr/users/dakar-auto?page=1,https://www.gaaraas.com/fr/vehicle_listings/annonce-peugeot-307-dakar-dakar-838,CFA 2 300 000,137 000 km,Dakar,Manuelle,Peugeot 307,https://www.gaaraas.com/fr/users/dakar-auto?page=8,2007
1786756680-106,https://www.gaaraas.com/fr/users/dakar-auto?page=1,https://www.gaaraas.com/fr/vehicle_listings/annonce-peugeot-207-dakar-dakar-851,CFA 3 200 000,144 410 km,Dakar,Manuelle,Peugeot 207,https://www.gaaraas.com/fr/users/dakar-auto?page=7,2010
1786756683-107,https://www.gaaraas.com/fr/users/dakar-auto?page=1,https://www.gaaraas.com/fr/vehicle_listings/annonce-citroen-berlingo-dakar-dakar-2295,CFA 2 300 000,160 000 km,Dakar,Manuelle,Citroen Berlingo,https://www.gaaraas.com/fr/users/dakar-auto?page=7,2008
1786756688-108,https://www.gaaraas.com/fr/users/dakar-auto?page=1,https://www.gaaraas.com/fr/vehicle_listings/annonce-citroen-berlingo-dakar-dakar-4134,CFA 2 000 000,140 000 km,Dakar,Manuelle,Citroen Berlingo,https://www.gaaraas.com/fr/users/dakar-auto?page=7,2007
1786756696-109,https://www.gaaraas.com/fr/users/dakar-auto?page=1,https://www.gaaraas.com/fr/vehicle_listings/annonce-skoda-octavia-dakar-dakar-2298,CFA 3 500 000,147 000 km,Dakar,Manuelle,Skoda Octavia,https://www.gaaraas.com/fr/users/dakar-auto?page=7,2012
1786756701-110,https://www.gaaraas.com/fr/users/dakar-auto?page=1,https://www.gaaraas.com/fr/vehicle_listings/annonce-citroen-c4-dakar-dakar-2040,CFA 2 100 000,160 000 km,Dakar,Manuelle,Citroen C4,https://www.gaaraas.com/fr/users/dakar-auto?page=7,2007
1786756706-111,https://www.gaaraas.com/fr/users/dakar-auto?page=1,https://www.gaaraas.com/fr/vehicle_listings/annonce-ford-edge-dakar-dakar-3222,CFA 10 000 000,105 000 km,Dakar,Automatique,Ford Edge,https://www.gaaraas.com/fr/users/dakar-auto?page=7,2011
1786756710-112,https://www.gaaraas.com/fr/users/dakar-auto?page=1,https://www.gaaraas.com/fr/vehicle_listings/annonce-nissan-rogue-dakar-dakar-2440,CFA 5 500 000,160 000 km,Dakar,Automatique,Nissan Rogue,https://www.gaaraas.com/fr/users/dakar-auto?page=7,2009
1786756715-113,https://www.gaaraas.com/fr/users/dakar-auto?page=1,https://www.gaaraas.com/fr/vehicle_listings/annonce-renault-laguna-dakar-dakar-1704,CFA 2 000 000,160 000 km,Dakar,Manuelle,Renault Laguna,https://www.gaaraas.com/fr/users/dakar-auto?page=7,2007
1786756719-114,https://www.gaaraas.com/fr/users/dakar-auto?page=1,https://www.gaaraas.com/fr/vehicle_listings/annonce-ford-fusion-dakar-dakar-4194,CFA 2 000 000,144 000 km,Dakar,Automatique,Ford Fusion,https://www.gaaraas.com/fr/users/dakar-auto?page=7,2009
1786756726-115,https://www.gaaraas.com/fr/users/dakar-auto?page=1,https://www.gaaraas.com/fr/vehicle_listings/annonce-citroen-c3-dakar-dakar-845,CFA 2 000 000,180 000 km,Dakar,Manuelle,Citroen C3,https://www.gaaraas.com/fr/users/dakar-auto?page=7,2007
1786756735-116,https://www.gaaraas.com/fr/users/dakar-auto?page=1,https://www.gaaraas.com/fr/vehicle_listings/annonce-citroen-c3-dakar-dakar-1874,CFA 1 500 000,160 000 km,Dakar,Manuelle,Citroen C3,https://www.gaaraas.com/fr/users/dakar-auto?page=7,2006
1786756740-117,https://www.gaaraas.com/fr/users/dakar-auto?page=1,https://www.gaaraas.com/fr/vehicle_listings/annonce-dacia-sandero-dakar-dakar-885,CFA 2 800 000,140 000 km,Dakar,Manuelle,Dacia Sandero,https://www.gaaraas.com/fr/users/dakar-auto?page=7,2009
1786756745-118,https://www.gaaraas.com/fr/users/dakar-auto?page=1,https://www.gaaraas.com/fr/vehicle_listings/annonce-toyota-corolla-dakar-dakar-2190,CFA 2 700 000,28 752 km,Dakar,Manuelle,Toyota Corolla,https://www.gaaraas.com/fr/users/dakar-auto?page=7,2004
1786756750-119,https://www.gaaraas.com/fr/users/dakar-auto?page=1,https://www.gaaraas.com/fr/vehicle_listings/annonce-renault-scenic-dakar-dakar-1590,CFA 2 300 000,200 000 km,Dakar,Manuelle,Renault Scenic,https://www.gaaraas.com/fr/users/dakar-auto?page=7,2006
1786756754-120,https://www.gaaraas.com/fr/users/dakar-auto?page=1,https://www.gaaraas.com/fr/vehicle_listings/annonce-chevrolet-sail-dakar-dakar-2068,CFA 2 200 000,90 000 km,Dakar,Manuelle,Chevrolet Sail,https://www.gaaraas.com/fr/users/dakar-auto?page=7,2013
1786756760-121,https://www.gaaraas.com/fr/users/dakar-auto?page=1,https://www.gaaraas.com/fr/vehicle_listings/annonce-citroen-c3-dakar-dakar-4199,CFA 2 800 000,136 000 km,Dakar,Manuelle,Citroen C3,https://www.gaaraas.com/fr/users/dakar-auto?page=7,2011
1786756766-122,https://www.gaaraas.com/fr/users/dakar-auto?page=1,https://www.gaaraas.com/fr/vehicle_listings/annonce-peugeot-307-dakar-dakar-734,CFA 3 200 000,128 000 km,Dakar,Manuelle,Peugeot 307,https://www.gaaraas.com/fr/users/dakar-auto?page=7,2008
1786756771-123,https://www.gaaraas.com/fr/users/dakar-auto?page=1,https://www.gaaraas.com/fr/vehicle_listings/annonce-land-rover-range-rover-sport-dakar-dakar-2439,,160 000 km,Dakar,Automatique,Land Rover Range Rover Sport,https://www.gaaraas.com/fr/users/dakar-auto?page=7,2009
1786756777-124,https://www.gaaraas.com/fr/users/dakar-auto?page=1,https://www.gaaraas.com/fr/vehicle_listings/annonce-kia-carnival-dakar-dakar-2623,CFA 2 500 000,160 000 km,Dakar,Manuelle,Kia Carnival,https://www.gaaraas.com/fr/users/dakar-auto?page=7,2008
1786756782-125,https://www.gaaraas.com/fr/users/dakar-auto?page=1,https://www.gaaraas.com/fr/vehicle_listings/annonce-citroen-c5-dakar-dakar-4273,CFA 2 700 000,130 000 km,Dakar,Manuelle,Citroen C5,https://www.gaaraas.com/fr/users/dakar-auto?page=7,2008
1786756788-126,https://www.gaaraas.com/fr/users/dakar-auto?page=1,https://www.gaaraas.com/fr/vehicle_listings/annonce-renault-megane-dakar-dakar-886,CFA 1 600 000,180 000 km,Dakar,Manuelle,Renault Megane,https://www.gaaraas.com/fr/users/dakar-auto?page=6,2006
1786756793-127,https://www.gaaraas.com/fr/users/dakar-auto?page=1,https://www.gaaraas.com/fr/vehicle_listings/annonce-volkswagen-passat-dakar-dakar-270,CFA 1 600 000,120 000 km,Dakar,Manuelle,Volkswagen Passat,https://www.gaaraas.com/fr/users/dakar-auto?page=6,2007
1786756799-128,https://www.gaaraas.com/fr/users/dakar-auto?page=1,https://www.gaaraas.com/fr/vehicle_listings/annonce-peugeot-307-dakar-dakar-3546,CFA 2 100 000,132 000 km,Dakar,Manuelle,Peugeot 307,https://www.gaaraas.com/fr/users/dakar-auto?page=6,2007
1786756804-129,https://www.gaaraas.com/fr/users/dakar-auto?page=1,https://www.gaaraas.com/fr/vehicle_listings/annonce-renault-21-dakar-dakar-2157,CFA 2 700 000,160 000 km,Dakar,Manuelle,Renault 21,https://www.gaaraas.com/fr/users/dakar-auto?page=6,2002
1786756809-130,https://www.gaaraas.com/fr/users/dakar-auto?page=1,https://www.gaaraas.com/fr/vehicle_listings/annonce-peugeot-207-dakar-dakar-908,CFA 1 800 000,120 000 km,Dakar,Manuelle,Peugeot 207,https://www.gaaraas.com/fr/users/dakar-auto?page=6,2008
1786756815-131,https://www.gaaraas.com/fr/users/dakar-auto?page=1,https://www.gaaraas.com/fr/vehicle_listings/annonce-bmw-x1-dakar-dakar-280,CFA 3 700 000,150 000 km,Dakar,Automatique,BMW X1,https://www.gaaraas.com/fr/users/dakar-auto?page=6,2010
1786756823-132,https://www.gaaraas.com/fr/users/dakar-auto?page=1,https://www.gaaraas.com/fr/vehicle_listings/annonce-toyota-corolla-dakar-dakar-880,CFA 3 300 000,140 000 km,Dakar,Manuelle,Toyota Corolla,https://www.gaaraas.com/fr/users/dakar-auto?page=6,2008
1786756828-133,https://www.gaaraas.com/fr/users/dakar-auto?page=1,https://www.gaaraas.com/fr/vehicle_listings/annonce-peugeot-308-dakar-dakar-1147,CFA 3 300 000,120 000 km,Dakar,Manuelle,Peugeot 308,https://www.gaaraas.com/fr/users/dakar-auto?page=6,2008
1786756834-134,https://www.gaaraas.com/fr/users/dakar-auto?page=1,https://www.gaaraas.com/fr/vehicle_listings/annonce-peugeot-307-dakar-dakar-2086,CFA 2 400 000,160 000 km,Dakar,Manuelle,Peugeot 307,https://www.gaaraas.com/fr/users/dakar-auto?page=6,2007
1786756839-135,https://www.gaaraas.com/fr/users/dakar-auto?page=1,https://www.gaaraas.com/fr/vehicle_listings/annonce-mitsubishi-l200-dakar-dakar-876,CFA 7 800 000,160 000 km,Dakar,Manuelle,Mitsubishi L200,https://www.gaaraas.com/fr/users/dakar-auto?page=6,2009
1786756844-136,https://www.gaaraas.com/fr/users/dakar-auto?page=1,https://www.gaaraas.com/fr/vehicle_listings/annonce-citroen-c3-dakar-dakar-1799,CFA 1 800 000,160 000 km,Dakar,Manuelle,Citroen C3,https://www.gaaraas.com/fr/users/dakar-auto?page=6,2008
1786756851-137,https://www.gaaraas.com/fr/users/dakar-auto?page=1,https://www.gaaraas.com/fr/vehicle_listings/annonce-mitsubishi-asx-dakar-dakar-1150,CFA 6 000 000,94 954 km,Dakar,Manuelle,Mitsubishi ASX,https://www.gaaraas.com/fr/users/dakar-auto?page=6,2011
1786756857-138,https://www.gaaraas.com/fr/users/dakar-auto?page=1,https://www.gaaraas.com/fr/vehicle_listings/annonce-peugeot-206-dakar-dakar-762,CFA 2 300 000,164 000 km,Dakar,Manuelle,Peugeot 206,https://www.gaaraas.com/fr/users/dakar-auto?page=6,2008
1786756863-139,https://www.gaaraas.com/fr/users/dakar-auto?page=1,https://www.gaaraas.com/fr/vehicle_listings/annonce-jeep-patriot-dakar-dakar-2808,CFA 3 900 000,140 000 km,Dakar,Manuelle,Jeep Patriot,https://www.gaaraas.com/fr/users/dakar-auto?page=6,2010
1786756868-140,https://www.gaaraas.com/fr/users/dakar-auto?page=1,https://www.gaaraas.com/fr/vehicle_listings/annonce-bmw-315-dakar-dakar-4141,CFA 1 500 000,120 000 km,Dakar,Manuelle,BMW 315,https://www.gaaraas.com/fr/users/dakar-auto?page=6,2007
1786756874-141,https://www.gaaraas.com/fr/users/dakar-auto?page=1,https://www.gaaraas.com/fr/vehicle_listings/annonce-peugeot-307-dakar-dakar-4364,CFA 2 500 000,120 000 km,Dakar,Automatique,Peugeot 307,https://www.gaaraas.com/fr/users/dakar-auto?page=6,2007
1786756879-142,https://www.gaaraas.com/fr/users/dakar-auto?page=1,https://www.gaaraas.com/fr/vehicle_listings/annonce-toyota-rav4-dakar-dakar-4163,CFA 2 900 000,130 000 km,Dakar,Manuelle,Toyota RAV4,https://www.gaaraas.com/fr/users/dakar-auto?page=6,2008
1786756885-143,https://www.gaaraas.com/fr/users/dakar-auto?page=1,https://www.gaaraas.com/fr/vehicle_listings/annonce-renault-19-dakar-dakar-1890,CFA 1 800 000,180 000 km,Dakar,Manuelle,Renault 19,https://www.gaaraas.com/fr/users/dakar-auto?page=6,2000
1786756891-144,https://www.gaaraas.com/fr/users/dakar-auto?page=1,https://www.gaaraas.com/fr/vehicle_listings/annonce-renault-logan-dakar-dakar-2773,CFA 2 900 000,160 000 km,Dakar,Manuelle,Renault Logan,https://www.gaaraas.com/fr/users/dakar-auto?page=6,2007
1786756897-145,https://www.gaaraas.com/fr/users/dakar-auto?page=1,https://www.gaaraas.com/fr/vehicle_listings/annonce-citroen-c3-dakar-dakar-4136,CFA 2 100 000,110 000 km,Dakar,Manuelle,Citroen C3,https://www.gaaraas.com/fr/users/dakar-auto?page=6,2008
1786756902-146,https://www.gaaraas.com/fr/users/dakar-auto?page=1,https://www.gaaraas.com/fr/vehicle_listings/annonce-peugeot-308-dakar-dakar-4198,CFA 2 800 000,230 000 km,Dakar,Manuelle,Peugeot 308,https://www.gaaraas.com/fr/users/dakar-auto?page=5,2007
1786756917-147,https://www.gaaraas.com/fr/users/dakar-auto?page=1,https://www.gaaraas.com/fr/vehicle_listings/annonce-peugeot-405-dakar-dakar-2514,CFA 2 200 000,160 000 km,Dakar,Manuelle,Peugeot 405,https://www.gaaraas.com/fr/users/dakar-auto?page=5,2002
1786756924-148,https://www.gaaraas.com/fr/users/dakar-auto?page=1,https://www.gaaraas.com/fr/vehicle_listings/annonce-peugeot-807-dakar-dakar-1879,CFA 2 800 000,160 000 km,Dakar,Manuelle,Peugeot 807,https://www.gaaraas.com/fr/users/dakar-auto?page=5,2007
1786756930-149,https://www.gaaraas.com/fr/users/dakar-auto?page=1,https://www.gaaraas.com/fr/vehicle_listings/annonce-hyundai-elantra-dakar-dakar-1235,CFA 6 500 000,66 000 km,Dakar,Automatique,Hyundai Elantra,https://www.gaaraas.com/fr/users/dakar-auto?page=5,2013
1786756936-150,https://www.gaaraas.com/fr/users/dakar-auto?page=1,https://www.gaaraas.com/fr/vehicle_listings/annonce-peugeot-307-dakar-dakar-3584,CFA 2 700 000,140 000 km,Dakar,Manuelle,Peugeot 307,https://www.gaaraas.com/fr/users/dakar-auto?page=5,2004
1786756943-151,https://www.gaaraas.com/fr/users/dakar-auto?page=1,https://www.gaaraas.com/fr/vehicle_listings/annonce-skoda-octavia-dakar-dakar-1928,CFA 1 900 000,160 000 km,Dakar,Manuelle,Skoda Octavia,https://www.gaaraas.com/fr/users/dakar-auto?page=5,2008
1786756949-152,https://www.gaaraas.com/fr/users/dakar-auto?page=1,https://www.gaaraas.com/fr/vehicle_listings/annonce-renault-19-dakar-dakar-2615,CFA 2 000 000,160 000 km,Dakar,Manuelle,Renault 19,https://www.gaaraas.com/fr/users/dakar-auto?page=5,2000
1786756958-153,https://www.gaaraas.com/fr/users/dakar-auto?page=1,https://www.gaaraas.com/fr/vehicle_listings/annonce-peugeot-307-dakar-dakar-862,CFA 2 000 000,160 000 km,Dakar,Manuelle,Peugeot 307,https://www.gaaraas.com/fr/users/dakar-auto?page=5,2007
1786756964-154,https://www.gaaraas.com/fr/users/dakar-auto?page=1,https://www.gaaraas.com/fr/vehicle_listings/annonce-citroen-c5-dakar-dakar-4380,CFA 2 100 000,334 000 km,Dakar,Manuelle,Citroen C5,https://www.gaaraas.com/fr/users/dakar-auto?page=5,2005
1786756988-155,https://www.gaaraas.com/fr/users/dakar-auto?page=1,https://www.gaaraas.com/fr/vehicle_listings/annonce-toyota-prado-dakar-dakar-2902,CFA 4 000 000,140 000 km,Dakar,Manuelle,Toyota Prado,https://www.gaaraas.com/fr/users/dakar-auto?page=5,2000
1786757005-156,https://www.gaaraas.com/fr/users/dakar-auto?page=1,https://www.gaaraas.com/fr/vehicle_listings/annonce-mitsubishi-l200-dakar-dakar-291,CFA 11 900 000,116 000 km,Dakar,Manuelle,Mitsubishi L200,https://www.gaaraas.com/fr/users/dakar-auto?page=5,2012
1786757037-157,https://www.gaaraas.com/fr/users/dakar-auto?page=1,https://www.gaaraas.com/fr/vehicle_listings/annonce-peugeot-605-dakar-dakar-2622,CFA 2 200 000,160 000 km,Dakar,Manuelle,Peugeot 605,https://www.gaaraas.com/fr/users/dakar-auto?page=5,2004
1786757054-158,https://www.gaaraas.com/fr/users/dakar-auto?page=1,https://www.gaaraas.com/fr/vehicle_listings/annonce-peugeot-406-dakar-dakar-1152,CFA 2 600 000,160 000 km,Dakar,Manuelle,Peugeot 406,https://www.gaaraas.com/fr/users/dakar-auto?page=5,2003
1786757090-159,https://www.gaaraas.com/fr/users/dakar-auto?page=1,https://www.gaaraas.com/fr/vehicle_listings/annonce-nissan-murano-dakar-dakar-855,CFA 3 200 000,115 305 km,Dakar,Automatique,Nissan Murano,https://www.gaaraas.com/fr/users/dakar-auto?page=5,2008
1786757120-160,https://www.gaaraas.com/fr/users/dakar-auto?page=1,https://www.gaaraas.com/fr/vehicle_listings/annonce-peugeot-407-dakar-dakar-569,CFA 2 800 000,120 000 km,Dakar,Manuelle,Peugeot 407,https://www.gaaraas.com/fr/users/dakar-auto?page=5,2007
1786757138-161,https://www.gaaraas.com/fr/users/dakar-auto?page=1,https://www.gaaraas.com/fr/vehicle_listings/annonce-kia-sorento-dakar-dakar-2807,CFA 3 800 000,140 000 km,Dakar,Manuelle,Kia Sorento,https://www.gaaraas.com/fr/users/dakar-auto?page=5,2009
1786757150-162,https://www.gaaraas.com/fr/users/dakar-auto?page=1,https://www.gaaraas.com/fr/vehicle_listings/annonce-renault-19-dakar-dakar-1861,CFA 2 300 000,180 000 km,Dakar,Manuelle,Renault 19,https://www.gaaraas.com/fr/users/dakar-auto?page=5,1989
1786757165-163,https://www.gaaraas.com/fr/users/dakar-auto?page=1,https://www.gaaraas.com/fr/vehicle_listings/annonce-chevrolet-camaro-dakar-dakar-325,CFA 4 000 000,220 000 km,Dakar,Manuelle,Chevrolet Camaro,https://www.gaaraas.com/fr/users/dakar-auto?page=5,2012
1786757196-164,https://www.gaaraas.com/fr/users/dakar-auto?page=1,https://www.gaaraas.com/fr/vehicle_listings/annonce-peugeot-307-dakar-dakar-1575,CFA 2 800 000,160 000 km,Dakar,Manuelle,Peugeot 307,https://www.gaaraas.com/fr/users/dakar-auto?page=5,2008
1786757218-165,https://www.gaaraas.com/fr/users/dakar-auto?page=1,https://www.gaaraas.com/fr/vehicle_listings/annonce-toyota-camry-dakar-dakar-3067,CFA 3 500 000,145 000 km,Dakar,Automatique,Toyota Camry,https://www.gaaraas.com/fr/users/dakar-auto?page=5,2009
1786757237-166,https://www.gaaraas.com/fr/users/dakar-auto?page=1,https://www.gaaraas.com/fr/vehicle_listings/annonce-dacia-logan-dakar-dakar-848,CFA 2 000 000,161 000 km,Dakar,Manuelle,Dacia Logan,https://www.gaaraas.com/fr/users/dakar-auto?page=4,2010
1786757268-167,https://www.gaaraas.com/fr/users/dakar-auto?page=1,https://www.gaaraas.com/fr/vehicle_listings/annonce-peugeot-307-dakar-dakar-583,CFA 2 500 000,128 000 km,Dakar,Manuelle,Peugeot 307,https://www.gaaraas.com/fr/users/dakar-auto?page=4,2008
1786757303-168,https://www.gaaraas.com/fr/users/dakar-auto?page=1,https://www.gaaraas.com/fr/vehicle_listings/annonce-ford-taurus-dakar-dakar-3404,CFA 3 800 000,200 000 km,Dakar,Manuelle,Ford Taurus,https://www.gaaraas.com/fr/users/dakar-auto?page=4,2006
